price,rooms,baths,square_feet,address
"$490,000",2 beds,2 beds,"1,150","226 N Clinton St #117, Chicago, IL 60661"
"$365,000",2 beds,2 beds,—,"3127 W Palmer Blvd #2, Chicago, IL 60647"
"$395,000",2 beds,2 beds,"1,188","4745 N Ravenswood Ave #106, Chicago, IL 60640"
"$190,000",1 bed,1 bed,950,"2909 N Sheridan Rd #604, Chicago, IL 60657"
"$669,000",2 beds,2 beds,"1,500","424 W Armitage Ave Apt E, Chicago, IL 60614"
"$549,000",3 beds,3 beds,"2,100","1510 W Grand Ave Unit 1E, Chicago, IL 60642"
"$385,000",2 beds,2 beds,"1,039","933 W Van Buren St #521, Chicago, IL 60607"
"$229,000",1 bed,1 bed,—,"1307 S Wabash Ave #408, Chicago, IL 60605"
"$205,000",4 beds,4 beds,"1,100","1807 W Marquette Rd, Chicago, IL 60636"
"$435,000",2 beds,2 beds,"3,049","1530 S State St #501, Chicago, IL 60605"
"$540,000",3 beds,3 beds,"1,367","Sign in for address, Chicago, IL 60610"
"$615,000",7 beds,7 beds,"1,750","3342 S Aberdeen St, Chicago, IL 60608"
"$249,000",4 beds,4 beds,—,"6311 N Oakley Ave #1, Chicago, IL 60659"
"$205,000",2 beds,2 beds,"3,750","2446 W Berwyn Ave Unit 2S, Chicago, IL 60625"
"$315,000",1 bed,1 bed,"1,200","744 N May St #202, Chicago, IL 60642"
"$274,000",2 beds,2 beds,800,"2238 W Wilson Ave Unit 3S, Chicago, IL 60625"
"$415,000",3 beds,3 beds,650,"1435 N Rockwell St #1, Chicago, IL 60622"
"$307,500",1 bed,1 bed,"1,000","70 W Burton Pl Unit 2301F, Chicago, IL 60610"
"$1,995,000",3 beds,3 beds,"1,400","Sign in for address, Chicago, IL 60611"
"$450,000",3 beds,3 beds,—,"5427 N Oconto Ave, Chicago, IL 60656"
"$519,900",2 beds,2 beds,"3,200","312 N May St Unit 4I, Chicago, IL 60607"
"$299,000",2 beds,2 beds,"1,000","7133 W 73rd St, Chicago, IL 60638"
"$475,000",2 beds,2 beds,"1,500","600 N Kingsbury St #1411, Chicago, IL 60654"
"$765,000",3 beds,3 beds,"1,337","1870 N Oakley Ave, Chicago, IL 60647"
"$345,000",4 beds,4 beds,"6,700","9200 S Greenwood Ave, Chicago, IL 60619"
"$285,000",4 beds,4 beds,"1,160","1219 E 53rd St., Unit 2E, Chicago, IL 60615"
"$205,000",3 beds,3 beds,"2,250","1540 E 67th Pl Unit GE, Chicago, IL 60637"
"$1,024,900",3 beds,3 beds,"1,270","1400 W Monroe St Unit 3D, Chicago, IL 60607"
"$850,000",5 beds,5 beds,"1,896","3256 S Prairie Ave, Chicago, IL 60616"
"$120,000",2 beds,2 beds,"3,550","3441 W Bryn Mawr Ave Unit G-W, Chicago, IL 60659"
"$439,900",1 bed,1 bed,"1,625","909 W Washington Blvd #704, Chicago, IL 60607"
"$629,000",4 beds,4 beds,"1,700","3616 N Albany Ave, Chicago, IL 60618"
"$425,000",2 beds,2 beds,"1,843","511 W Division St #806, Chicago, IL 60610"
"$299,900",5 beds,5 beds,"3,100","12100 S Perry Ave, Chicago, IL 60628"
"$269,000",3 beds,3 beds,"2,966","Sign in for address, Chicago, IL 60620"
"$740,000",4 beds,4 beds,850,"2513 N Marshfield Ave, Chicago, IL 60614"
"$199,900",2 beds,2 beds,975,"8405 S Hamilton Ave S, Chicago, IL 60620"
"$299,900",4 beds,4 beds,—,"8451 S Essex Ave, Chicago, IL 60617"
"$270,000",2 beds,2 beds,"1,196","3560 S Giles Ave S Unit G, Chicago, IL 60653"
"$699,000",9 beds,9 beds,"2,537","5144 W Cornelia Ave, Chicago, IL 60641"
"$60,000",1 bed,1 bed,800,"7337 S South Shore Dr #408, Chicago, IL 60649"
"$950,000",11 beds,11 beds,—,"7101-05 W Foster Pl, Chicago, IL 60656"
"$225,000",4 beds,4 beds,"5,987","3041 W 5th Ave, Chicago, IL 60612"
"$250,000",3 beds,3 beds,—,"6719 S Cornell Ave Unit 3N, Chicago, IL 60649"
"$269,000",8 beds,8 beds,"4,475","2344 S Ridgeway Ave, Chicago, IL 60623"
"$299,000",3 beds,3 beds,"1,675","10231 S Rhodes Ave, Chicago, IL 60628"
"$350,000",5 beds,5 beds,—,"6117 S Natoma Ave, Chicago, IL 60638"
"$325,000",1 bed,1 bed,"1,330","14 N Sangamon St #206, Chicago, IL 60607"
"$209,000",3 beds,3 beds,"3,125","12876 S Green St, Chicago, IL 60643"
"$300,000",1 bed,1 bed,"1,674","600 S Dearborn St #201, Chicago, IL 60605"
"$289,900",3 beds,3 beds,"3,750","2828 W 84th Pl, Chicago, IL 60652"
"$380,000",5 beds,5 beds,—,"7322 S Kingston Ave, Chicago, IL 60649"
"$659,000",3 beds,3 beds,"1,008","200 E Delaware Pl Unit 7F, Chicago, IL 60611"
"$249,000",3 beds,3 beds,"3,689","9220 S Laflin St, Chicago, IL 60620"
"$270,000",3 beds,3 beds,"1,214","10548 S Eberhart Ave, Chicago, IL 60628"
"$549,500",4 beds,4 beds,"1,226","3805 N Kimball Ave, Chicago, IL 60618"
"$129,900",6 beds,6 beds,"4,800","7159 S Winchester Ave, Chicago, IL 60636"
"$279,000",3 beds,3 beds,"3,869","2226 W Monroe St #1, Chicago, IL 60612"
"$310,000",3 beds,3 beds,"5,106","3651 W 55th Pl, Chicago, IL 60629"
"$485,000",2 beds,2 beds,"1,550","2533 N Halsted St Unit 1N, Chicago, IL 60614"
"$719,000",5 beds,5 beds,"1,486","6332 S Evans Ave, Chicago, IL 60637"
"$199,900",2 beds,2 beds,"1,650","7516 N Damen Ave #2, Chicago, IL 60645"
"$320,000",5 beds,5 beds,"3,789","4930 S Maplewood Ave, Chicago, IL 60632"
"$875,000",3 beds,3 beds,"1,300","2331 N Leavitt St #1, Chicago, IL 60647"
"$247,000",4 beds,4 beds,"4,338","9622 S Avalon Ave, Chicago, IL 60628"
"$178,500",4 beds,4 beds,—,"2864 W 85th St, Chicago, IL 60652"
"$245,000",4 beds,4 beds,—,"4505 S Union Ave, Chicago, IL 60609"
"$725,000",3 beds,3 beds,900,"2957 W Cornelia Ave #1, Chicago, IL 60618"
"$149,400",2 beds,2 beds,"1,250","5203 S Calumet Ave Unit 1D, Chicago, IL 60615"
"$149,900",3 beds,3 beds,"3,800","13934 S Manistee Ave, Burnham, IL 60633"
"$699,900",4 beds,4 beds,"3,750","5015 N Mobile Ave, Chicago, IL 60630"
"$1,950,000",9 beds,9 beds,"1,350","4730 W Grace St, Chicago, IL 60641"
"$179,000",3 beds,3 beds,"1,800","208 E 87th St, Chicago, IL 60619"
"$359,900",2 beds,2 beds,"2,400","5 E 14th Pl #1606, Chicago, IL 60605"
"$405,000",5 beds,5 beds,"1,651","411 E 60th St, Chicago, IL 60637"
"$175,000",7 beds,7 beds,"4,678","6352 S Campbell Ave, Chicago, IL 60629"
"$389,000",4 beds,4 beds,"1,158","4443 S Indiana Ave Unit 1S, Chicago, IL 60653"
"$799,000",8 beds,8 beds,"4,440","4431 N Central Park Ave, Chicago, IL 60625"
"$545,000",5 beds,5 beds,"1,344","3105 N Major Ave, Chicago, IL 60634"
"$950,000",5 beds,5 beds,"6,250","2756 W Chicago Ave, Chicago, IL 60622"
"$575,000",4 beds,4 beds,"2,935","7538 W Foster Ave, Chicago, IL 60656"
"$788,000",2 beds,2 beds,—,"1343 W Cornelia Ave #3, Chicago, IL 60657"
"$350,000",6 beds,6 beds,—,"1621 S Harding Ave, Chicago, IL 60623"
"$189,900",1 bed,1 bed,800,"5415 N Sheridan Rd #2705, Chicago, IL 60640"
"$979,900",11 beds,11 beds,—,"2751 W Haddon Ave, Chicago, IL 60622"
"$1,600,000",16 beds,16 beds,"3,000","3913 N Central Ave, Chicago, IL 60634"
"$325,000",1 bed,1 bed,—,"512 N Mcclurg Ct #2006, Chicago, IL 60611"
"$579,000",6 beds,6 beds,"7,126","6150 W Patterson Ave, Chicago, IL 60634"
"$549,900",11 beds,11 beds,965,"5954 W Wrightwood Ave, Chicago, IL 60639"
"$259,000",3 beds,3 beds,"2,291","3046 W 54th Pl, Chicago, IL 60632"
"$269,900",4 beds,4 beds,"4,138","7219 S Ellis Ave, Chicago, IL 60620"
"$159,800",10 beds,10 beds,—,"1659 W 69th St, Chicago, IL 60636"
"$199,900",1 bed,1 bed,"3,920","5415 N Sheridan Rd #3514, Chicago, IL 60640"
"$159,900",6 beds,6 beds,"1,200","5840 S Artesian Ave, Chicago, IL 60629"
"$499,900",5 beds,5 beds,"3,125","5137 W Waveland Ave, Chicago, IL 60641"
"$125,000",1 bed,1 bed,"1,888","200 Ridge Ave Unit 1E, Evanston, IL 60202"
"$196,999",3 beds,3 beds,"3,750","7223 S Peoria St, Chicago, IL 60621"
"$50,000",3 beds,3 beds,—,"5730 S Elizabeth St, Chicago, IL 60636"
"$100,000",1 bed,1 bed,"4,284","1538 N Rockwell St Unit 1F, Chicago, IL 60622"
"$295,000",2 beds,2 beds,700,"5832 S Stony Island Ave Unit 9B, Chicago, IL 60637"
"$325,000",4 beds,4 beds,"1,149","12158 S Union Ave, Chicago, IL 60628"
"$270,000",4 beds,4 beds,"3,125","331 E 82nd St, Chicago, IL 60619"
"$395,000",2 beds,2 beds,"1,640","1919 S State St #1, Chicago, IL 60616"
"$410,000",3 beds,3 beds,"4,536","2636 W 36th St, Chicago, IL 60632"
"$1,250,000",4 beds,4 beds,800,"2423 W Pensacola Ave, Chicago, IL 60618"
"$260,000",1 bed,1 bed,"1,248","1372 E 57th St #1, Chicago, IL 60637"
"$145,000",3 beds,3 beds,866,"8055 S Colfax Ave, Chicago, IL 60617"
"$360,000",5 beds,5 beds,—,"2619 N Major Ave, Chicago, IL 60639"
"$749,000",5 beds,5 beds,"1,427","4614 N Kenton Ave, Chicago, IL 60630"
"$268,000",3 beds,3 beds,"3,000","4010 S Western Ave #2, Chicago, IL 60609"
"$229,900",2 beds,2 beds,"7,840","141 Asbury Ave Unit 3N, Evanston, IL 60202"
"$324,500",2 beds,2 beds,"1,440","161 W Harrison St #406, Chicago, IL 60605"
"$195,000",2 beds,2 beds,"1,480","3209 W Argyle St Unit G, Chicago, IL 60625"
"$1,575,000",5 beds,5 beds,—,"2138 W Summerdale Ave, Chicago, IL 60625"
"$119,000",1 bed,1 bed,"3,125","7019 N Ridge Blvd Unit 3B, Chicago, IL 60645"
"$115,000",3 beds,3 beds,—,"6654 S Oakley Ave, Chicago, IL 60636"
"$169,000",2 beds,2 beds,"3,123","1131 E 61st St #3, Chicago, IL 60637"
"$799,000",8 beds,8 beds,900,"4015 N Paulina St, Chicago, IL 60613"
"$299,000",1 bed,1 bed,"1,201","33 W Delaware Pl Unit 23J, Chicago, IL 60610"
"$255,000",1 bed,1 bed,"3,875","1 E Scott St #409, Chicago, IL 60610"
"$424,900",3 beds,3 beds,"1,500","8300 W Maple Ave, Norridge, IL 60706"
"$579,900",3 beds,3 beds,"5,000","5151 N La Crosse Ave, Chicago, IL 60630"
"$659,900",6 beds,6 beds,—,"3853 N Spaulding Ave, Chicago, IL 60618"
"$515,000",2 beds,2 beds,"4,000","500 W Superior St #1111, Chicago, IL 60654"
"$210,000",4 beds,4 beds,—,"1624 W Pershing Rd, Chicago, IL 60609"
"$525,000",2 beds,2 beds,"3,750","1727 N Mohawk St Unit 2N, Chicago, IL 60614"
"$430,000",7 beds,7 beds,"1,256","7008 S King Dr, Chicago, IL 60637"
"$800,000",3 beds,3 beds,—,"5114 S Kenwood Ave Unit 1C, Chicago, IL 60615"
"$339,900",4 beds,4 beds,"3,049","4326 S Talman Ave, Chicago, IL 60632"
"$339,900",4 beds,4 beds,"1,350","8812 S Union Ave, Chicago, IL 60620"
"$437,500",4 beds,4 beds,—,"9616 S Longwood Dr, Chicago, IL 60643"
"$485,000",4 beds,4 beds,"3,125","Sign in for address, Chicago, IL 60630"
"$279,900",3 beds,3 beds,"1,843","8825 S Hermitage Ave, Chicago, IL 60620"
"$245,000",4 beds,4 beds,—,"8127 S Escanaba Ave, Chicago, IL 60617"
"$499,900",2 beds,2 beds,"3,125","3241 N Seminary Ave #2, Chicago, IL 60657"
"$275,000",6 beds,6 beds,"2,397","6555 S Green St, Chicago, IL 60621"
"$224,900",3 beds,3 beds,"3,750","8804 S Fairfield Ave, Evergreen Park, IL 60805"
"$425,000",16 beds,16 beds,"1,650","5114 W Van Buren St, Chicago, IL 60644"
"$145,000",1 bed,1 bed,"8,600","3756 N Bernard St Unit 3756-1, Chicago, IL 60618"
"$835,000",8 beds,8 beds,—,"4050 N Hermitage Ave, Chicago, IL 60613"
"$450,000",4 beds,4 beds,"4,059","3714 W Cortland St, Chicago, IL 60647"
"$93,500",6 beds,6 beds,"2,250","8830 S Exchange Ave, Chicago, IL 60617"
"$389,000",2 beds,2 beds,"7,500","345 W Fullerton Pkwy #1904, Chicago, IL 60614"
"$269,900",3 beds,3 beds,—,"1157 E 61st St #1, Chicago, IL 60637"
"$159,500",3 beds,3 beds,"1,250","10151 S Avenue M, Chicago, IL 60617"
"$439,000",2 beds,2 beds,—,"345 W Fullerton Pkwy #801, Chicago, IL 60614"
"$515,000",3 beds,3 beds,"3,484","4135 N Sacramento Ave, Chicago, IL 60618"
"$815,000",3 beds,3 beds,"1,177","550 N Saint Clair St #1703, Chicago, IL 60611"
"$638,000",3 beds,3 beds,"4,965","45 E 23rd St, Chicago, IL 60616"
"$420,000",2 beds,2 beds,—,"33 W Ontario St Unit 31F, Chicago, IL 60654"
"$485,000",2 beds,2 beds,650,"1629 S Prairie Ave #1203, Chicago, IL 60616"
"$135,000",3 beds,3 beds,—,"10119 S Vernon Ave, Chicago, IL 60628"
"$275,000",1 bed,1 bed,"5,280","2310 W Nelson St #307, Chicago, IL 60618"
"$249,000",1 bed,1 bed,—,"5255 N Riversedge Ter #405, Chicago, IL 60630"
"$529,900",5 beds,5 beds,"3,049","5134 N Saint Louis Ave, Chicago, IL 60625"
"$240,000",3 beds,3 beds,—,"1634 W Columbia Ave Unit 3N, Chicago, IL 60626"
"$799,000",4 beds,4 beds,"1,150","844 W Agatite Ave Unit 2W, Chicago, IL 60640"
"$930,000",3 beds,3 beds,"1,650","1543 N Wieland St Unit 2S, Chicago, IL 60610"
"$305,000",4 beds,4 beds,"1,071","6141 S Meade Ave, Chicago, IL 60638"
"$189,900",1 bed,1 bed,"3,120","212 W Washington St #2013, Chicago, IL 60606"
"$310,000",3 beds,3 beds,"1,430","7324 N Bell Ave #2, Chicago, IL 60645"
"$80,000",2 beds,2 beds,760,"9221 S Avalon Ave, Chicago, IL 60619"
"$975,000",3 beds,3 beds,"2,250","360 W Illinois St #619, Chicago, IL 60654"
"$389,000",2 beds,2 beds,"1,200","3359 N Clifton Ave #1, Chicago, IL 60657"
"$299,900",2 beds,2 beds,"1,275","3505 S Morgan St S #201, Chicago, IL 60609"
"$149,900",2 beds,2 beds,"1,230","4721 W 84th Pl, Chicago, IL 60652"
"$159,900",1 bed,1 bed,900,"4250 N Marine Dr #1028, Chicago, IL 60613"
"$899,000",4 beds,4 beds,"2,700","3631 N Pine Grove Ave Unit B, Chicago, IL 60613"
"$359,900",3 beds,3 beds,"1,531","5034 W Wilson Ave, Chicago, IL 60630"
"$1,400,000",5 beds,5 beds,"3,500","2817 N Francisco Ave, Chicago, IL 60618"
"$274,900",3 beds,3 beds,"3,149","4435 S Leamington Ave, Chicago, IL 60638"
"$369,900",2 beds,2 beds,"1,080","660 W Wayman St #502, Chicago, IL 60661"
"$1,075,000",3 beds,3 beds,730,"60 E Monroe St #3901, Chicago, IL 60603"
"$899,888",4 beds,4 beds,"1,750","1409 S Clark St, Chicago, IL 60605"
"$2,600,000",4 beds,4 beds,—,"18 E Division St #3, Chicago, IL 60610"
"$370,000",4 beds,4 beds,"4,000","1218 W 98th St, Chicago, IL 60643"
"$399,900",8 beds,8 beds,"2,200","6909 S Indiana Ave, Chicago, IL 60637"
"$475,000",2 beds,2 beds,"4,151","420 W Ontario St #305, Chicago, IL 60654"
"$235,000",1 bed,1 bed,—,"1360 N Sandburg Ter Unit 1908C, Chicago, IL 60610"
"$650,000",3 beds,3 beds,"3,920","3838 N Sheffield Ave #101, Chicago, IL 60613"
"$325,000",1 bed,1 bed,"1,355","345 N La Salle St #2803, Chicago, IL 60654"
"$210,000",2 beds,2 beds,800,"5200 S Drexel Ave Unit 3W, Chicago, IL 60615"
"$175,000",2 beds,2 beds,"2,500","4907 N Harlem Ave N #3, Chicago, IL 60656"
"$1,395,000",2 beds,2 beds,810,"401 N Wabash Ave Unit 65D, Chicago, IL 60611"
"$125,900",7 beds,7 beds,"1,100","1523 S Homan Ave, Chicago, IL 60623"
"$370,000",2 beds,2 beds,"1,000","400 N Lasalle Dr #1507, Chicago, IL 60610"
"$355,000",2 beds,2 beds,"2,022","1224 W Van Buren St #621, Chicago, IL 60607"
"$519,900",2 beds,2 beds,—,"757 N Orleans St #1812, Chicago, IL 60654"
"$339,000",1 bed,1 bed,"1,015","Sign in for address, Chicago, IL 60661"
"$779,000",5 beds,5 beds,"1,067","5032 S Michigan Ave, Chicago, IL 60615"
"$439,500",2 beds,2 beds,"1,248","3660 N Lake Shore Dr #1501, Chicago, IL 60613"
"$439,500",2 beds,2 beds,798,"3660 N Lake Shore Dr #1513, Chicago, IL 60613"
"$110,000",4 beds,4 beds,"3,100","2831 E 76th Pl, Chicago, IL 60649"
"$245,000",1 bed,1 bed,"4,000","111 W Maple St #2508, Chicago, IL 60610"
"$550,000",6 beds,6 beds,—,"4422 S Emerald Ave, Chicago, IL 60609"
"$447,500",2 beds,2 beds,—,"3660 N Lake Shore Dr #2701, Chicago, IL 60613"
"$575,000",5 beds,5 beds,"1,396","1721 W 100th Pl, Chicago, IL 60643"
"$385,000",2 beds,2 beds,"2,439","5061 N Kenmore Ave #3, Chicago, IL 60640"
"$700,000",2 beds,2 beds,650,"1030 N State St Unit 43L, Chicago, IL 60610"
"$469,900",8 beds,8 beds,—,"5248 W Huron St, Chicago, IL 60644"
"$354,500",4 beds,4 beds,"1,200","3935 W 67th Place Pl, Chicago, IL 60629"
"$399,900",3 beds,3 beds,"3,750","6301 W Higgins Ave, Chicago, IL 60630"
"$318,000",2 beds,2 beds,"1,441","916 W Fullerton Ave #3, Chicago, IL 60614"
"$785,000",3 beds,3 beds,"1,050","3711 N Janssen Ave #1, Chicago, IL 60613"
"$225,000",4 beds,4 beds,—,"9123 S Halsted St, Chicago, IL 60620"
"$199,950",2 beds,2 beds,"1,175","1033 N Harding Ave, Chicago, IL 60651"
"$239,900",2 beds,2 beds,923,"5932 W 64th Pl W, Chicago, IL 60638"
"$849,000",5 beds,5 beds,"1,100","5514 N Glenwood Ave N, Chicago, IL 60640"
"$165,000",2 beds,2 beds,"3,750","11345 S Ada St, Chicago, IL 60643"
"$450,000",2 beds,2 beds,—,"3660 N Lake Shore Dr #1601, Chicago, IL 60613"
"$424,900",2 beds,2 beds,"3,500","437 W Division St #511, Chicago, IL 60610"
"$609,999",15 beds,15 beds,500,"4245 W Maypole Ave, Chicago, IL 60624"
"$159,900",3 beds,3 beds,"3,125","11943 S Princeton Ave, Chicago, IL 60628"
"$330,000",1 bed,1 bed,—,"440 N Wabash Ave #4204, Chicago, IL 60611"
"$599,900",2 beds,2 beds,"1,033","125 S Green St Unit 501A, Chicago, IL 60607"
"$295,900",1 bed,1 bed,—,"1250 S Michigan Ave #1003, Chicago, IL 60605"
"$294,900",4 beds,4 beds,"7,161","5521 S Albany Ave, Chicago, IL 60629"
"$289,000",1 bed,1 bed,842,"1250 S Michigan Ave #1504, Chicago, IL 60605"
"$235,000",2 beds,2 beds,849,"3150 N Neva Ave Unit 3A, Chicago, IL 60634"
"$345,000",2 beds,2 beds,—,"3300 W Irving Park Rd Unit G2, Chicago, IL 60618"
"$949,000",4 beds,4 beds,850,"1813 N Sawyer Ave #1, Chicago, IL 60647"
"$419,900",8 beds,8 beds,"1,065","5036 W Congress Pkwy, Chicago, IL 60644"
"$370,000",1 bed,1 bed,850,"130 N Garland Ct #2010, Chicago, IL 60602"
"$189,900",3 beds,3 beds,"1,040","11521 S Stewart Ave, Chicago, IL 60628"
"$150,000",1 bed,1 bed,—,"1409 W Farwell Ave Unit 2G, Chicago, IL 60626"
"$735,000",5 beds,5 beds,"3,200","6924 N Oriole Ave, Chicago, IL 60631"
"$339,000",4 beds,4 beds,—,"2704 N Neva Ave, Chicago, IL 60707"
"$1,399,000",6 beds,6 beds,"5,412","1625 W Winona St, Chicago, IL 60640"
"$799,000",3 beds,3 beds,900,"1229 W Carmen Ave #2, Chicago, IL 60640"
"$1,050,000",3 beds,3 beds,"1,300","1212 N Lake Shore Dr Unit 25AS, Chicago, IL 60610"
"$399,900",2 beds,2 beds,800,"1455 N Sandburg Ter Unit 2709B, Chicago, IL 60610"
"$230,000",3 beds,3 beds,"3,000","9842 S Winston Ave, Chicago, IL 60643"
"$400,000",2 beds,2 beds,"3,990","873 N Larrabee St #708, Chicago, IL 60610"
"$369,000",4 beds,4 beds,"1,267","3727 N Page Ave, Chicago, IL 60634"
"$409,000",2 beds,2 beds,"3,750","160 E Illinois St #907, Chicago, IL 60611"
"$599,999",3 beds,3 beds,"4,065","2032 W Augusta Blvd #1, Chicago, IL 60622"
"$119,900",1 bed,1 bed,"3,125","1714 W Touhy Ave Unit A1N, Chicago, IL 60626"
"$550,000",2 beds,2 beds,"2,050","905 N Kingsbury St #905, Chicago, IL 60610"
"$385,000",3 beds,3 beds,"2,150","4927 N Clifton Ave, Norridge, IL 60706"
"$525,000",1 bed,1 bed,801,"600 N Lake Shore Dr #4107, Chicago, IL 60611"
"$369,900",2 beds,2 beds,"1,226","1070 W 15th St #202, Chicago, IL 60608"
"$760,000",1 bed,1 bed,"1,224","340 E Randolph St #1205, Chicago, IL 60601"
"$329,900",4 beds,4 beds,"1,730","5245 S Kolmar Ave, Chicago, IL 60632"
"$1,599,000",4 beds,4 beds,"3,780","15 N Ada St, Chicago, IL 60607"
"$201,500",5 beds,5 beds,"3,000","8918 S Paulina St, Chicago, IL 60620"
"$574,999",3 beds,3 beds,"1,890","1111 S State St #701, Chicago, IL 60605"
"$359,000",2 beds,2 beds,"1,900","1133 S Wabash Ave #207, Chicago, IL 60605"
"$849,000",5 beds,5 beds,"1,750","3257 N Oakley Ave, Chicago, IL 60618"
"$339,900",2 beds,2 beds,"1,200","1464 S Michigan Ave #802, Chicago, IL 60605"
"$249,000",1 bed,1 bed,—,"10 E Ontario St #2412, Chicago, IL 60611"
"$314,900",5 beds,5 beds,"2,613","8136 S Winchester Ave, Chicago, IL 60620"
"$349,900",3 beds,3 beds,"1,000","3438 N Harlem Ave #2, Chicago, IL 60634"
"$417,000",2 beds,2 beds,765,"1250 S Indiana Ave #903, Chicago, IL 60605"
"$350,000",2 beds,2 beds,"1,250","500 W Superior St #604, Chicago, IL 60654"
"$330,000",6 beds,6 beds,"3,565","8251 S May St, Chicago, IL 60620"
"$325,000",2 beds,2 beds,"1,500","4453 N Paulina St Unit D3, Chicago, IL 60640"
"$262,500",1 bed,1 bed,—,"1645 W Ogden Ave #819, Chicago, IL 60612"
"$258,000",4 beds,4 beds,—,"10043 S Calumet Ave, Chicago, IL 60628"
"$199,900",3 beds,3 beds,—,"7629 S Rhodes Ave, Chicago, IL 60619"
"$229,900",1 bed,1 bed,"4,375","235 W Van Buren St #1517, Chicago, IL 60607"
"$359,900",2 beds,2 beds,"1,200","5625 N Wayne Ave Unit A2, Chicago, IL 60660"
"$539,000",3 beds,3 beds,—,"6245 N Oak Park Ave, Chicago, IL 60631"
"$273,900",2 beds,2 beds,"1,500","6129 S Mason Ave, Chicago, IL 60638"
"$125,000",2 beds,2 beds,"1,149","739 W 129th Pl, Chicago, IL 60628"
"$635,000",4 beds,4 beds,"3,101","4412 S Oakenwald Ave, Chicago, IL 60653"
"$360,000",2 beds,2 beds,750,"4442 N Dover St Unit 3N, Chicago, IL 60640"
"$430,000",5 beds,5 beds,"1,100","22 S Austin Blvd, Oak Park, IL 60304"
"$1,725,000",5 beds,5 beds,—,"1307 W Schubert Ave, Chicago, IL 60614"
"$405,000",2 beds,2 beds,"6,624","1601 S Indiana Ave #110, Chicago, IL 60616"
"$283,000",3 beds,3 beds,877,"7720 S Marshfield Ave, Chicago, IL 60620"
"$539,000",2 beds,2 beds,978,"1760 N Wells St Unit 1B, Chicago, IL 60614"
"$335,000",1 bed,1 bed,"4,725","1560 N Sandburg Ter Unit 4201J, Chicago, IL 60610"
"$425,000",3 beds,3 beds,"2,995","2322 S Hoyne Ave, Chicago, IL 60608"
"$1,349,900",4 beds,4 beds,"1,200","1309 S Indiana Ave, Chicago, IL 60605"
"$169,000",0 beds,0 beds,—,"200 W Menomonee St #14, Chicago, IL 60614"
"$259,000",2 beds,2 beds,"3,484","24 S Leavitt St Unit B, Chicago, IL 60612"
"$265,000",1 bed,1 bed,—,"545 N Dearborn St Unit W2905, Chicago, IL 60654"
"$180,000",0 beds,0 beds,"3,000","777 N Michigan Ave #1802, Chicago, IL 60611"
"$549,000",4 beds,4 beds,"1,400","3245 W Cortez St, Chicago, IL 60651"
"$775,000",11 beds,11 beds,"2,246","5124 S Prairie Ave, Chicago, IL 60615"
"$175,000",1 bed,1 bed,600,"233 E Erie St #902, Chicago, IL 60611"
"$315,000",5 beds,5 beds,"1,880","1518 E 73rd Pl, Chicago, IL 60619"
"$1,099,000",6 beds,6 beds,"5,227","3327 W Glenlake Ave, Chicago, IL 60659"
"$289,000",2 beds,2 beds,"3,800","4936 N Winthrop Ave Unit 1W, Chicago, IL 60640"
"$440,000",2 beds,2 beds,"8,276","615 N Noble St Unit 3N, Chicago, IL 60642"
"$399,000",2 beds,2 beds,—,"565 W Quincy St #1508, Chicago, IL 60661"
"$355,000",4 beds,4 beds,"1,200","8031 S Michigan Ave, Chicago, IL 60619"
"$1,150,000",5 beds,5 beds,"1,050","4037 N Troy St, Chicago, IL 60618"
"$329,000",2 beds,2 beds,"2,400","801 S Wells St #503, Chicago, IL 60607"
"$489,000",2 beds,2 beds,"3,125","848 W Erie St #2, Chicago, IL 60642"
"$969,000",4 beds,4 beds,"3,900","1515 S Prairie Ave #1013, Chicago, IL 60605"
"$615,000",2 beds,2 beds,—,"57 E Delaware Pl #2306, Chicago, IL 60611"
"$539,900",4 beds,4 beds,—,"725 N Humphrey Ave, Oak Park, IL 60302"
"$1,180,000",3 beds,3 beds,"2,757","367 W Superior St Unit B, Chicago, IL 60654"
"$319,900",1 bed,1 bed,"1,500","720 N Larrabee St #1703, Chicago, IL 60654"
"$419,000",2 beds,2 beds,"2,061","2045 N Larrabee St #7207, Chicago, IL 60614"
"$1,199,000",3 beds,3 beds,"6,098","835 N Wood St Unit 102-202, Chicago, IL 60622"
"$584,000",4 beds,4 beds,"3,300","3649 S Giles Ave, Chicago, IL 60653"
"$335,000",1 bed,1 bed,813,"1660 N La Salle Dr #3405, Chicago, IL 60614"
"$720,000",3 beds,3 beds,—,"2440 W Irving Park Rd #3, Chicago, IL 60618"
"$669,000",2 beds,2 beds,"2,750","910 S Michigan Ave #304, Chicago, IL 60605"
"$389,000",2 beds,2 beds,"1,878","130 S Canal St #705, Chicago, IL 60606"
"$319,000",2 beds,2 beds,800,"235 W Van Buren St #2313, Chicago, IL 60607"
"$374,900",2 beds,2 beds,"1,750","728 W Jackson Blvd #1104, Chicago, IL 60661"
"$669,000",3 beds,3 beds,"1,750","100 E 14th St #1001, Chicago, IL 60605"
"$415,000",1 bed,1 bed,—,"100 E 14th St #2203, Chicago, IL 60605"
"$260,000",2 beds,2 beds,750,"4343 N Clarendon Ave #1102, Chicago, IL 60613"
"$560,000",2 beds,2 beds,"1,438","195 N Harbor Dr #904, Chicago, IL 60601"
"$599,900",4 beds,4 beds,"1,667","2327 W 19th St, Chicago, IL 60608"
"$381,800",11 beds,11 beds,927,"7910 S Greenwood Ave, Chicago, IL 60619"
"$220,000",1 bed,1 bed,"1,150","1000 E 53rd St Unit 519S, Chicago, IL 60615"
"$445,000",2 beds,2 beds,"1,275","888 S Michigan Ave #401, Chicago, IL 60605"
"$205,000",1 bed,1 bed,—,"20 E Goethe St #403, Chicago, IL 60610"
"$1,399,000",6 beds,6 beds,"2,613","2500 N Mozart St, Chicago, IL 60647"
"$349,000",2 beds,2 beds,—,"3550 N Lake Shore Dr #1916, Chicago, IL 60657"
"$200,000",3 beds,3 beds,"3,049","9624 S Wallace St, Chicago, IL 60628"
"$269,900",1 bed,1 bed,—,"2800 N Lake Shore Dr #3411, Chicago, IL 60657"
"$1,024,900",5 beds,5 beds,—,"3753 N Albany Ave, Chicago, IL 60618"
"$390,000",2 beds,2 beds,675,"1111 S Wabash Ave #2501, Chicago, IL 60605"
"$285,000",1 bed,1 bed,—,"1515 S Prairie Ave #1004, Chicago, IL 60605"
"$25,000",— beds,— beds,—,"200 W Grand Ave Unit P93, Chicago, IL 60654"
"$575,000",3 beds,3 beds,"1,573","3051 W Armitage Ave Unit 3W, Chicago, IL 60647"
"$540,000",4 beds,4 beds,"1,817","5750 S Merrimac Ave, Chicago, IL 60638"
"$599,000",4 beds,4 beds,"4,356","2106 N Whipple St, Chicago, IL 60647"
"$1,249,000",2 beds,2 beds,"1,200","474 N Lake Shore Dr #6003, Chicago, IL 60611"
"$319,000",1 bed,1 bed,"3,484","1850 N Clark St #2202, Chicago, IL 60614"
"$3,095,000",7 beds,7 beds,"2,005","2309 N Geneva Ter, Chicago, IL 60614"
"$70,000",3 beds,3 beds,800,"617 W 129th Pl, Chicago, IL 60628"
"$429,999",6 beds,6 beds,"8,000","7408 S Emerald Ave, Chicago, IL 60621"
"$169,900",1 bed,1 bed,"2,574","2809 W Washington Blvd #101, Chicago, IL 60612"
"$339,000",3 beds,3 beds,"1,083","2057 W Fargo Ave #1, Chicago, IL 60645"
"$339,900",8 beds,8 beds,"9,247","5323 S Emerald Ave, Chicago, IL 60609"
"$359,000",2 beds,2 beds,—,"4250 N Marine Dr #1501, Chicago, IL 60613"
"$499,900",2 beds,2 beds,"5,662","233 E 13th St #601, Chicago, IL 60605"
"$169,000",1 bed,1 bed,—,"6301 N Sheridan Rd Unit 25D, Chicago, IL 60660"
"$424,000",1 bed,1 bed,—,"240 E Illinois St #2603, Chicago, IL 60611"
"$283,900",5 beds,5 beds,—,"1035 W 92nd Pl, Chicago, IL 60620"
"$213,000",0 beds,0 beds,"3,049","33 W Ontario St Unit 15D, Chicago, IL 60654"
"$649,000",6 beds,6 beds,"1,420","4451 N Tripp Ave, Chicago, IL 60630"
"$445,000",1 bed,1 bed,"1,290","60 E Monroe St #3905, Chicago, IL 60603"
"$775,000",2 beds,2 beds,—,"65 E Monroe St #4206, Chicago, IL 60603"
"$25,000",— beds,— beds,—,"408 E 107th St, Chicago, IL 60628"
"$25,000",— beds,— beds,"1,986","8537 S Yates Blvd, Chicago, IL 60617"
"$20,000",— beds,— beds,"3,750","4008 W Grenshaw St, Chicago, IL 60624"
"$200,000",— beds,— beds,600,"2416 N Kenton Ave, Chicago, IL 60639"
"$200,000",— beds,— beds,"3,005","2414 N Kenton Ave, Chicago, IL 60639"
"$159,000",— beds,— beds,"3,271","7125 W 74th St, Chicago, IL 60638"
"$119,999",— beds,— beds,—,"3423 W 38th St, Chicago, IL 60632"
"$20,000",— beds,— beds,"1,430","11353 S Forest Ave, Chicago, IL 60628"
"$415,000",— beds,— beds,"3,000","2434 N Saint Louis Ave, Chicago, IL 60647"
"$25,000",— beds,— beds,—,"200 W Grand Ave Unit P93, Chicago, IL 60654"
"$575,000",3 beds,3 beds,"1,573","3051 W Armitage Ave Unit 3W, Chicago, IL 60647"
"$540,000",4 beds,4 beds,"1,817","5750 S Merrimac Ave, Chicago, IL 60638"
"$599,000",4 beds,4 beds,"4,356","2106 N Whipple St, Chicago, IL 60647"
"$1,249,000",2 beds,2 beds,"1,200","474 N Lake Shore Dr #6003, Chicago, IL 60611"
"$319,000",1 bed,1 bed,"3,484","1850 N Clark St #2202, Chicago, IL 60614"
"$3,095,000",7 beds,7 beds,"2,005","2309 N Geneva Ter, Chicago, IL 60614"
"$70,000",3 beds,3 beds,800,"617 W 129th Pl, Chicago, IL 60628"
"$429,999",6 beds,6 beds,"8,000","7408 S Emerald Ave, Chicago, IL 60621"
"$169,900",1 bed,1 bed,"2,574","2809 W Washington Blvd #101, Chicago, IL 60612"
"$339,000",3 beds,3 beds,"1,083","2057 W Fargo Ave #1, Chicago, IL 60645"
"$339,900",8 beds,8 beds,"9,247","5323 S Emerald Ave, Chicago, IL 60609"
"$359,000",2 beds,2 beds,—,"4250 N Marine Dr #1501, Chicago, IL 60613"
"$499,900",2 beds,2 beds,"5,662","233 E 13th St #601, Chicago, IL 60605"
"$169,000",1 bed,1 bed,—,"6301 N Sheridan Rd Unit 25D, Chicago, IL 60660"
"$424,000",1 bed,1 bed,—,"240 E Illinois St #2603, Chicago, IL 60611"
"$283,900",5 beds,5 beds,—,"1035 W 92nd Pl, Chicago, IL 60620"
"$213,000",0 beds,0 beds,"3,049","33 W Ontario St Unit 15D, Chicago, IL 60654"
"$649,000",6 beds,6 beds,"1,420","4451 N Tripp Ave, Chicago, IL 60630"
"$445,000",1 bed,1 bed,"1,290","60 E Monroe St #3905, Chicago, IL 60603"
"$775,000",2 beds,2 beds,—,"65 E Monroe St #4206, Chicago, IL 60603"
"$25,000",— beds,— beds,—,"408 E 107th St, Chicago, IL 60628"
"$25,000",— beds,— beds,"1,986","8537 S Yates Blvd, Chicago, IL 60617"
"$20,000",— beds,— beds,"3,750","4008 W Grenshaw St, Chicago, IL 60624"
"$200,000",— beds,— beds,600,"2416 N Kenton Ave, Chicago, IL 60639"
"$200,000",— beds,— beds,"3,005","2414 N Kenton Ave, Chicago, IL 60639"
"$159,000",— beds,— beds,"3,271","7125 W 74th St, Chicago, IL 60638"
"$119,999",— beds,— beds,—,"3423 W 38th St, Chicago, IL 60632"
"$20,000",— beds,— beds,"1,430","11353 S Forest Ave, Chicago, IL 60628"
"$415,000",— beds,— beds,"3,000","2434 N Saint Louis Ave, Chicago, IL 60647"
"$25,000",— beds,— beds,—,"200 W Grand Ave Unit P93, Chicago, IL 60654"
"$575,000",3 beds,3 beds,"1,573","3051 W Armitage Ave Unit 3W, Chicago, IL 60647"
"$540,000",4 beds,4 beds,"1,817","5750 S Merrimac Ave, Chicago, IL 60638"
"$599,000",4 beds,4 beds,"4,356","2106 N Whipple St, Chicago, IL 60647"
"$1,249,000",2 beds,2 beds,"1,200","474 N Lake Shore Dr #6003, Chicago, IL 60611"
"$319,000",1 bed,1 bed,"3,484","1850 N Clark St #2202, Chicago, IL 60614"
"$3,095,000",7 beds,7 beds,"2,005","2309 N Geneva Ter, Chicago, IL 60614"
"$70,000",3 beds,3 beds,800,"617 W 129th Pl, Chicago, IL 60628"
"$429,999",6 beds,6 beds,"8,000","7408 S Emerald Ave, Chicago, IL 60621"
"$169,900",1 bed,1 bed,"2,574","2809 W Washington Blvd #101, Chicago, IL 60612"
"$339,000",3 beds,3 beds,"1,083","2057 W Fargo Ave #1, Chicago, IL 60645"
"$339,900",8 beds,8 beds,"9,247","5323 S Emerald Ave, Chicago, IL 60609"
"$359,000",2 beds,2 beds,—,"4250 N Marine Dr #1501, Chicago, IL 60613"
"$499,900",2 beds,2 beds,"5,662","233 E 13th St #601, Chicago, IL 60605"
"$169,000",1 bed,1 bed,—,"6301 N Sheridan Rd Unit 25D, Chicago, IL 60660"
"$424,000",1 bed,1 bed,—,"240 E Illinois St #2603, Chicago, IL 60611"
"$283,900",5 beds,5 beds,—,"1035 W 92nd Pl, Chicago, IL 60620"
"$213,000",0 beds,0 beds,"3,049","33 W Ontario St Unit 15D, Chicago, IL 60654"
"$649,000",6 beds,6 beds,"1,420","4451 N Tripp Ave, Chicago, IL 60630"
"$445,000",1 bed,1 bed,"1,290","60 E Monroe St #3905, Chicago, IL 60603"
"$775,000",2 beds,2 beds,—,"65 E Monroe St #4206, Chicago, IL 60603"
"$25,000",— beds,— beds,—,"408 E 107th St, Chicago, IL 60628"
"$25,000",— beds,— beds,"1,986","8537 S Yates Blvd, Chicago, IL 60617"
"$20,000",— beds,— beds,"3,750","4008 W Grenshaw St, Chicago, IL 60624"
"$200,000",— beds,— beds,600,"2416 N Kenton Ave, Chicago, IL 60639"
"$200,000",— beds,— beds,"3,005","2414 N Kenton Ave, Chicago, IL 60639"
"$159,000",— beds,— beds,"3,271","7125 W 74th St, Chicago, IL 60638"
"$119,999",— beds,— beds,—,"3423 W 38th St, Chicago, IL 60632"
"$20,000",— beds,— beds,"1,430","11353 S Forest Ave, Chicago, IL 60628"
"$415,000",— beds,— beds,"3,000","2434 N Saint Louis Ave, Chicago, IL 60647"
